id_user,id_tutor,jenjang_tutor,gender_tutor,daerah_tutor,pelajaran
108,103,10,0,0,0
102,122,12,1,1,1
49,103,11,0,0,0
156,138,10,1,0,2
168,75,10,0,2,3
131,91,12,0,3,4
116,73,10,0,0,3
103,139,12,0,4,2
172,134,10,1,4,5
35,94,12,1,4,4
106,141,12,0,3,2
97,127,12,0,1,5
51,144,12,1,4,6
50,120,10,1,2,1
141,117,10,0,1,7
28,81,12,0,3,8
114,144,10,1,4,6
118,127,12,0,1,5
51,116,11,1,3,7
126,143,11,0,0,6
83,129,12,0,4,5
130,141,12,0,3,2
104,85,11,0,2,8
54,90,12,1,2,4
7,148,10,1,0,6
5,111,11,0,3,7
99,75,11,0,2,3
12,129,10,0,4,5
97,93,10,0,0,4
88,114,11,1,4,7
133,111,11,0,3,7
64,140,10,1,2,2
33,108,12,1,0,0
10,95,12,0,2,9
142,87,11,0,1,4
118,90,12,1,2,4
60,82,12,1,1,8
54,135,10,0,2,2
62,130,10,1,2,5
176,95,10,0,2,9
98,123,10,0,0,1
17,109,10,0,4,0
197,74,10,1,4,3
127,79,11,0,4,8
57,146,10,1,3,6
61,138,11,1,0,2
69,110,10,1,2,0
184,92,10,1,1,4
20,122,11,1,1,1
6,135,10,0,2,2
122,97,11,0,1,9
180,122,12,1,1,1
152,95,11,0,2,9
42,82,11,1,1,8
36,125,11,0,2,1
109,141,10,0,3,2
90,137,12,0,1,2
123,101,11,0,3,9
49,125,11,0,2,1
165,147,10,0,1,6
188,129,12,0,4,5
101,131,11,0,3,5
182,148,12,1,0,6
104,96,10,1,3,9
59,139,11,0,4,2
176,125,12,0,2,1
116,80,12,1,2,8
85,129,11,0,4,5
112,141,10,0,3,2
200,83,11,0,0,8
177,106,10,1,3,0
19,97,11,0,1,9
81,114,10,1,4,7
44,131,10,0,3,5
180,142,12,1,1,2
30,102,12,1,1,9
14,117,12,0,1,7
62,115,12,0,2,7
8,119,12,0,4,1
8,150,10,1,2,6
109,112,11,1,1,7
50,90,12,1,2,4
92,73,12,0,0,3
113,112,10,1,1,7
61,138,11,1,0,2
16,90,11,1,2,4
25,125,10,0,2,1
111,142,12,1,1,2
113,106,12,1,3,0
1,71,12,0,3,3
55,120,12,1,2,1
123,137,10,0,1,2
145,97,12,0,1,9
89,86,11,1,3,8
38,127,11,0,1,5
110,131,12,0,3,5
2,150,10,1,2,6
116,104,11,1,4,0
179,107,12,0,1,0
95,112,12,1,1,7
117,72,11,1,1,3
84,118,10,1,0,7
175,104,12,1,4,0
134,138,11,1,0,2
155,92,11,1,1,4
145,74,10,1,4,3
14,93,10,0,0,4
171,142,10,1,1,2
161,71,11,0,3,3
150,139,11,0,4,2
157,138,12,1,0,2
119,108,10,1,0,0
31,78,12,1,0,3
150,97,10,0,1,9
59,95,12,0,2,9
120,124,10,1,4,1
9,114,10,1,4,7
114,96,12,1,3,9
55,116,11,1,3,7
76,87,11,0,1,4
98,124,11,1,4,1
150,75,12,0,2,3
148,99,12,0,4,9
189,132,11,1,1,5
34,94,10,1,4,4
88,78,10,1,0,3
12,124,12,1,4,1
17,113,10,0,0,7
41,137,11,0,1,2
120,108,12,1,0,0
58,128,12,1,0,5
48,142,11,1,1,2
7,147,11,0,1,6
133,96,10,1,3,9
35,126,12,1,3,1
15,102,11,1,1,9
74,142,11,1,1,2
66,119,12,0,4,1
107,142,10,1,1,2
99,79,11,0,4,8
87,122,10,1,1,1
166,86,10,1,3,8
133,109,10,0,4,0
190,112,10,1,1,7
69,111,10,0,3,7
182,143,10,0,0,6
196,126,10,1,3,1
198,114,11,1,4,7
109,89,12,0,4,4
120,88,10,1,0,4
106,140,10,1,2,2
15,122,10,1,1,1
113,72,12,1,1,3
189,140,10,1,2,2
160,105,12,0,2,0
183,94,11,1,4,4
18,98,10,1,0,9
6,146,10,1,3,6
35,133,12,0,0,5
137,147,10,0,1,6
27,120,11,1,2,1
181,105,10,0,2,0
80,102,12,1,1,9
33,148,10,1,0,6
102,74,10,1,4,3
19,131,11,0,3,5
190,93,12,0,0,4
150,128,12,1,0,5
138,133,11,0,0,5
6,71,10,0,3,3
109,148,10,1,0,6
83,101,11,0,3,9
86,149,11,0,4,6
55,140,10,1,2,2
163,89,10,0,4,4
192,111,11,0,3,7
123,83,11,0,0,8
90,131,11,0,3,5
25,138,10,1,0,2
86,110,11,1,2,0
105,116,12,1,3,7
14,73,12,0,0,3
34,130,10,1,2,5
19,144,10,1,4,6
68,133,10,0,0,5
59,138,10,1,0,2
71,119,12,0,4,1
31,105,12,0,2,0
123,127,10,0,1,5
58,82,10,1,1,8
14,78,10,1,0,3
21,102,12,1,1,9
46,143,11,0,0,6
85,88,10,1,0,4
190,133,10,0,0,5
90,122,12,1,1,1
179,87,10,0,1,4
32,91,11,0,3,4
46,138,12,1,0,2
43,75,10,0,2,3
19,83,12,0,0,8
13,127,11,0,1,5
169,100,12,1,2,9
196,92,11,1,1,4
39,132,11,1,1,5
64,137,12,0,1,2
90,130,10,1,2,5
175,146,12,1,3,6
182,79,10,0,4,8
60,122,10,1,1,1
83,71,11,0,3,3
81,115,11,0,2,7
165,93,11,0,0,4
42,103,10,0,0,0
8,118,11,1,0,7
150,105,12,0,2,0
53,147,10,0,1,6
47,81,12,0,3,8
67,145,12,0,2,6
98,92,12,1,1,4
47,72,10,1,1,3
113,89,10,0,4,4
96,115,10,0,2,7
27,137,11,0,1,2
43,103,12,0,0,0
186,142,11,1,1,2
116,144,12,1,4,6
114,108,12,1,0,0
156,104,12,1,4,0
76,74,11,1,4,3
198,147,12,0,1,6
195,85,10,0,2,8
62,73,12,0,0,3
187,123,10,0,0,1
69,109,10,0,4,0
76,79,11,0,4,8
23,133,11,0,0,5
187,94,12,1,4,4
154,105,11,0,2,0
16,118,12,1,0,7
182,114,11,1,4,7
73,71,11,0,3,3
89,119,12,0,4,1
41,80,10,1,2,8
51,85,10,0,2,8
198,129,10,0,4,5
188,142,10,1,1,2
148,145,11,0,2,6
68,111,11,0,3,7
59,112,10,1,1,7
68,81,12,0,3,8
194,104,10,1,4,0
91,72,10,1,1,3
44,73,12,0,0,3
95,91,11,0,3,4
51,113,10,0,0,7
83,90,10,1,2,4
15,143,10,0,0,6
148,79,10,0,4,8
78,80,11,1,2,8
111,85,11,0,2,8
67,110,10,1,2,0
27,81,10,0,3,8
152,114,12,1,4,7
3,130,12,1,2,5
109,118,11,1,0,7
143,138,10,1,0,2
31,104,11,1,4,0
150,103,12,0,0,0
19,120,10,1,2,1
120,134,10,1,4,5
106,107,11,0,1,0
55,92,10,1,1,4
104,101,12,0,3,9
96,147,12,0,1,6
133,132,12,1,1,5
67,85,11,0,2,8
173,139,11,0,4,2
55,93,12,0,0,4
165,95,10,0,2,9
150,90,11,1,2,4
103,145,12,0,2,6
153,106,11,1,3,0
167,129,10,0,4,5
171,78,10,1,0,3
143,105,12,0,2,0
77,94,12,1,4,4
8,79,11,0,4,8
6,82,12,1,1,8
158,121,12,0,3,1
183,76,11,1,3,3
188,110,11,1,2,0
146,85,12,0,2,8
160,114,12,1,4,7
20,119,10,0,4,1
118,110,10,1,2,0
137,75,11,0,2,3
173,127,10,0,1,5
113,149,11,0,4,6
54,127,10,0,1,5
36,131,10,0,3,5
97,115,10,0,2,7
36,135,11,0,2,2
177,134,10,1,4,5
6,98,11,1,0,9
29,96,11,1,3,9
190,118,12,1,0,7
5,129,10,0,4,5
114,94,10,1,4,4
9,106,12,1,3,0
25,145,11,0,2,6
72,74,12,1,4,3
196,119,10,0,4,1
29,125,11,0,2,1
129,146,11,1,3,6
73,107,11,0,1,0
69,108,11,1,0,0
150,75,10,0,2,3
37,107,10,0,1,0
39,76,10,1,3,3
35,123,10,0,0,1
80,87,10,0,1,4
165,121,12,0,3,1
38,137,10,0,1,2
154,144,11,1,4,6
64,132,12,1,1,5
192,101,11,0,3,9
82,83,12,0,0,8
17,119,10,0,4,1
122,73,11,0,0,3
43,139,12,0,4,2
145,124,12,1,4,1
84,123,11,0,0,1
153,124,12,1,4,1
65,101,10,0,3,9
83,139,11,0,4,2
175,115,10,0,2,7
123,90,10,1,2,4
72,104,12,1,4,0
138,146,10,1,3,6
127,118,12,1,0,7
127,72,11,1,1,3
33,121,10,0,3,1
132,147,12,0,1,6
23,84,12,1,4,8
9,83,11,0,0,8
65,86,12,1,3,8
110,82,11,1,1,8
37,77,12,0,1,3
175,78,10,1,0,3
194,84,10,1,4,8
50,72,10,1,1,3
152,102,10,1,1,9
65,129,11,0,4,5
38,75,10,0,2,3
91,119,11,0,4,1
64,138,12,1,0,2
122,82,12,1,1,8
47,112,11,1,1,7
81,74,10,1,4,3
148,108,11,1,0,0
3,124,12,1,4,1
18,84,10,1,4,8
5,111,11,0,3,7
73,145,12,0,2,6
151,110,11,1,2,0
92,116,12,1,3,7
194,108,10,1,0,0
179,114,11,1,4,7
76,127,10,0,1,5
55,117,12,0,1,7
63,72,12,1,1,3
89,88,10,1,0,4
198,81,10,0,3,8
108,135,12,0,2,2
58,88,10,1,0,4
20,110,12,1,2,0
162,74,12,1,4,3
98,92,11,1,1,4
156,88,10,1,0,4
60,101,11,0,3,9
69,94,10,1,4,4
46,122,12,1,1,1
127,107,11,0,1,0
87,142,10,1,1,2
1,144,12,1,4,6
93,113,12,0,0,7
195,138,11,1,0,2
115,86,12,1,3,8
65,99,11,0,4,9
38,94,10,1,4,4
73,105,12,0,2,0
172,102,10,1,1,9
48,148,10,1,0,6
107,96,12,1,3,9
96,84,12,1,4,8
159,150,11,1,2,6
126,122,11,1,1,1
156,119,11,0,4,1
132,79,12,0,4,8
110,83,11,0,0,8
43,91,12,0,3,4
144,110,12,1,2,0
102,96,11,1,3,9
118,84,11,1,4,8
68,137,10,0,1,2
51,123,12,0,0,1
159,88,12,1,0,4
40,137,12,0,1,2
140,102,10,1,1,9
89,117,10,0,1,7
13,95,12,0,2,9
119,90,10,1,2,4
171,72,10,1,1,3
178,132,12,1,1,5
104,111,10,0,3,7
191,114,10,1,4,7
78,107,11,0,1,0
122,80,10,1,2,8
116,149,10,0,4,6
55,80,10,1,2,8
62,149,10,0,4,6
119,89,11,0,4,4
39,150,12,1,2,6
137,77,12,0,1,3
33,83,11,0,0,8
132,79,10,0,4,8
98,104,11,1,4,0
187,132,12,1,1,5
139,129,11,0,4,5
62,146,11,1,3,6
27,149,10,0,4,6
79,83,10,0,0,8
27,88,11,1,0,4
104,91,12,0,3,4
68,113,11,0,0,7
102,99,12,0,4,9
4,97,10,0,1,9
153,112,12,1,1,7
21,134,11,1,4,5
101,105,12,0,2,0
21,138,11,1,0,2
125,124,10,1,4,1
93,104,10,1,4,0
118,85,12,0,2,8
169,119,12,0,4,1
97,126,11,1,3,1
71,113,10,0,0,7
36,107,12,0,1,0
91,133,10,0,0,5
48,145,11,0,2,6
119,107,10,0,1,0
149,117,10,0,1,7
82,118,10,1,0,7
121,114,10,1,4,7
193,77,11,0,1,3
16,145,11,0,2,6
12,78,10,1,0,3
187,132,10,1,1,5
127,116,11,1,3,7
23,120,11,1,2,1
82,84,11,1,4,8
161,148,10,1,0,6
169,144,11,1,4,6
42,129,12,0,4,5
90,107,10,0,1,0
104,136,11,1,3,2
101,108,10,1,0,0
21,101,12,0,3,9
145,116,10,1,3,7
81,96,11,1,3,9
117,80,12,1,2,8
190,76,11,1,3,3
161,115,12,0,2,7
112,141,12,0,3,2
25,93,10,0,0,4
52,99,11,0,4,9
191,101,12,0,3,9
65,71,10,0,3,3
38,150,11,1,2,6
159,77,11,0,1,3
88,134,10,1,4,5
165,111,11,0,3,7
147,77,11,0,1,3
148,97,12,0,1,9
140,127,11,0,1,5
20,116,12,1,3,7
99,133,10,0,0,5
108,116,12,1,3,7
16,142,10,1,1,2
171,127,12,0,1,5
8,114,10,1,4,7
125,134,11,1,4,5
77,88,11,1,0,4
181,99,12,0,4,9
135,103,11,0,0,0
157,132,10,1,1,5
130,86,10,1,3,8
88,94,12,1,4,4
74,121,10,0,3,1
54,75,10,0,2,3
148,134,12,1,4,5
39,109,12,0,4,0
192,75,10,0,2,3
128,72,12,1,1,3
134,137,10,0,1,2
191,99,10,0,4,9
20,104,10,1,4,0
169,89,10,0,4,4
177,103,12,0,0,0
178,135,11,0,2,2
56,133,10,0,0,5
127,85,11,0,2,8
165,147,12,0,1,6
113,127,12,0,1,5
22,112,11,1,1,7
7,87,12,0,1,4
35,136,12,1,3,2
199,138,11,1,0,2
143,128,12,1,0,5
194,102,11,1,1,9
60,148,11,1,0,6
112,127,11,0,1,5
70,134,10,1,4,5
58,80,12,1,2,8
8,114,10,1,4,7
111,90,11,1,2,4
1,108,10,1,0,0
44,119,11,0,4,1
154,110,11,1,2,0
26,74,12,1,4,3
21,71,12,0,3,3
176,101,12,0,3,9
89,87,11,0,1,4
171,84,12,1,4,8
156,130,10,1,2,5
54,95,11,0,2,9
159,101,10,0,3,9
73,147,12,0,1,6
51,137,11,0,1,2
24,80,12,1,2,8
108,71,11,0,3,3
113,115,10,0,2,7
25,117,11,0,1,7
157,145,11,0,2,6
115,136,10,1,3,2
179,137,10,0,1,2
137,146,11,1,3,6
38,108,10,1,0,0
25,150,10,1,2,6
86,76,11,1,3,3
112,148,10,1,0,6
2,93,10,0,0,4
162,105,11,0,2,0
78,128,11,1,0,5
184,112,12,1,1,7
174,91,12,0,3,4
138,91,11,0,3,4
11,95,10,0,2,9
113,80,12,1,2,8
162,147,12,0,1,6
68,126,11,1,3,1
83,119,11,0,4,1
55,128,12,1,0,5
149,104,11,1,4,0
78,86,11,1,3,8
184,105,10,0,2,0
135,124,12,1,4,1
95,76,12,1,3,3
101,73,10,0,0,3
91,120,10,1,2,1
9,114,12,1,4,7
36,100,10,1,2,9
52,114,10,1,4,7
8,139,12,0,4,2
44,147,11,0,1,6
172,118,10,1,0,7
39,148,11,1,0,6
119,98,12,1,0,9
82,80,11,1,2,8
160,121,11,0,3,1
113,139,10,0,4,2
161,128,11,1,0,5
6,124,10,1,4,1
126,102,11,1,1,9
140,115,10,0,2,7
17,74,11,1,4,3
144,140,12,1,2,2
83,111,11,0,3,7
42,84,10,1,4,8
159,101,11,0,3,9
119,116,11,1,3,7
46,107,10,0,1,0
62,149,11,0,4,6
198,97,12,0,1,9
101,97,10,0,1,9
174,117,11,0,1,7
198,86,10,1,3,8
93,103,11,0,0,0
177,103,10,0,0,0
127,77,12,0,1,3
182,122,10,1,1,1
164,112,11,1,1,7
4,89,12,0,4,4
93,74,10,1,4,3
190,112,12,1,1,7
126,90,11,1,2,4
113,122,11,1,1,1
49,129,12,0,4,5
87,105,11,0,2,0
88,88,10,1,0,4
111,133,12,0,0,5
85,136,10,1,3,2
16,103,11,0,0,0
64,91,12,0,3,4
72,106,10,1,3,0
119,127,12,0,1,5
50,104,10,1,4,0
187,101,10,0,3,9
6,99,12,0,4,9
131,80,11,1,2,8
177,136,12,1,3,2
157,91,11,0,3,4
83,125,12,0,2,1
46,78,11,1,0,3
68,90,10,1,2,4
6,123,10,0,0,1
177,96,10,1,3,9
5,89,12,0,4,4
21,85,11,0,2,8
16,77,10,0,1,3
107,86,12,1,3,8
72,98,12,1,0,9
27,104,10,1,4,0
122,141,12,0,3,2
122,144,12,1,4,6
55,147,11,0,1,6
174,134,11,1,4,5
57,112,12,1,1,7
103,140,11,1,2,2
128,90,11,1,2,4
173,117,11,0,1,7
33,98,12,1,0,9
109,78,12,1,0,3
174,113,10,0,0,7
144,119,10,0,4,1
168,109,11,0,4,0
135,88,11,1,0,4
95,115,12,0,2,7
104,125,10,0,2,1
200,87,10,0,1,4
86,77,12,0,1,3
159,114,11,1,4,7
180,119,10,0,4,1
45,149,11,0,4,6
196,92,12,1,1,4
112,150,10,1,2,6
10,124,12,1,4,1
170,105,12,0,2,0
157,95,11,0,2,9
122,149,12,0,4,6
198,113,11,0,0,7
172,144,12,1,4,6
73,79,11,0,4,8
124,127,11,0,1,5
163,108,10,1,0,0
71,149,11,0,4,6
89,128,12,1,0,5
9,80,10,1,2,8
152,99,11,0,4,9
76,110,12,1,2,0
136,101,11,0,3,9
10,79,12,0,4,8
66,98,11,1,0,9
42,145,12,0,2,6
105,119,10,0,4,1
127,146,11,1,3,6
147,135,12,0,2,2
62,136,10,1,3,2
14,99,11,0,4,9
179,105,12,0,2,0
164,74,12,1,4,3
30,125,10,0,2,1
130,95,12,0,2,9
106,100,11,1,2,9
117,143,11,0,0,6
30,121,11,0,3,1
118,149,12,0,4,6
119,144,12,1,4,6
32,144,11,1,4,6
20,118,12,1,0,7
80,105,11,0,2,0
65,123,11,0,0,1
199,147,10,0,1,6
128,99,11,0,4,9
35,103,10,0,0,0
111,129,12,0,4,5
136,132,11,1,1,5
117,145,11,0,2,6
193,110,11,1,2,0
83,76,12,1,3,3
146,93,10,0,0,4
142,136,11,1,3,2
137,124,10,1,4,1
171,147,12,0,1,6
26,98,10,1,0,9
115,103,10,0,0,0
154,123,11,0,0,1
127,119,12,0,4,1
54,72,10,1,1,3
52,89,11,0,4,4
24,71,10,0,3,3
33,110,11,1,2,0
80,75,11,0,2,3
63,79,10,0,4,8
182,83,12,0,0,8
142,131,11,0,3,5
31,112,10,1,1,7
22,135,10,0,2,2
78,136,12,1,3,2
65,96,12,1,3,9
108,79,11,0,4,8
113,98,11,1,0,9
47,94,12,1,4,4
122,137,12,0,1,2
18,75,11,0,2,3
183,72,11,1,1,3
21,134,10,1,4,5
33,89,12,0,4,4
47,127,12,0,1,5
13,138,11,1,0,2
5,94,12,1,4,4
22,132,10,1,1,5
20,89,10,0,4,4
15,114,11,1,4,7
62,144,12,1,4,6
108,108,11,1,0,0
168,127,12,0,1,5
160,94,11,1,4,4
185,71,12,0,3,3
180,128,12,1,0,5
63,95,10,0,2,9
26,106,10,1,3,0
70,91,10,0,3,4
5,77,11,0,1,3
135,114,10,1,4,7
180,129,12,0,4,5
126,102,12,1,1,9
71,105,10,0,2,0
119,141,10,0,3,2
186,75,11,0,2,3
150,147,11,0,1,6
181,138,10,1,0,2
196,77,12,0,1,3
139,89,12,0,4,4
139,120,11,1,2,1
13,89,10,0,4,4
148,108,11,1,0,0
123,102,12,1,1,9
9,91,10,0,3,4
193,74,10,1,4,3
155,111,11,0,3,7
150,145,11,0,2,6
50,145,11,0,2,6
121,87,12,0,1,4
115,76,12,1,3,3
111,117,12,0,1,7
20,135,10,0,2,2
154,110,10,1,2,0
120,121,10,0,3,1
123,100,11,1,2,9
23,107,11,0,1,0
63,109,11,0,4,0
157,141,12,0,3,2
33,138,12,1,0,2
184,144,12,1,4,6
144,123,12,0,0,1
193,116,10,1,3,7
68,124,11,1,4,1
30,127,10,0,1,5
79,139,10,0,4,2
92,97,10,0,1,9
120,99,10,0,4,9
136,101,11,0,3,9
18,122,10,1,1,1
86,136,10,1,3,2
75,87,11,0,1,4
111,78,12,1,0,3
121,99,12,0,4,9
106,128,10,1,0,5
11,83,10,0,0,8
157,119,12,0,4,1
66,119,10,0,4,1
110,108,11,1,0,0
115,99,12,0,4,9
82,90,10,1,2,4
38,82,12,1,1,8
24,148,12,1,0,6
181,147,10,0,1,6
59,88,11,1,0,4
43,137,10,0,1,2
57,116,12,1,3,7
89,141,12,0,3,2
175,110,12,1,2,0
82,105,12,0,2,0
185,93,10,0,0,4
193,135,11,0,2,2
61,137,11,0,1,2
5,115,12,0,2,7
77,133,11,0,0,5
164,96,11,1,3,9
66,121,12,0,3,1
149,119,10,0,4,1
23,150,11,1,2,6
147,118,11,1,0,7
76,138,10,1,0,2
160,147,11,0,1,6
115,92,10,1,1,4
66,123,12,0,0,1
64,142,11,1,1,2
98,121,11,0,3,1
90,91,11,0,3,4
73,103,12,0,0,0
108,135,12,0,2,2
174,124,10,1,4,1
153,79,10,0,4,8
34,78,11,1,0,3
135,75,10,0,2,3
57,115,11,0,2,7
83,99,12,0,4,9
199,113,11,0,0,7
37,98,12,1,0,9
68,91,12,0,3,4
126,137,11,0,1,2
105,115,11,0,2,7
200,79,11,0,4,8
193,92,10,1,1,4
109,81,11,0,3,8
33,123,12,0,0,1
69,122,10,1,1,1
59,89,12,0,4,4
80,88,12,1,0,4
111,126,11,1,3,1
28,129,12,0,4,5
143,111,12,0,3,7
86,84,11,1,4,8
118,101,10,0,3,9
59,133,11,0,0,5
12,114,11,1,4,7
95,90,11,1,2,4
128,83,11,0,0,8
74,91,10,0,3,4
141,75,10,0,2,3
22,131,11,0,3,5
157,90,12,1,2,4
112,134,12,1,4,5
179,112,12,1,1,7
16,114,12,1,4,7
118,113,11,0,0,7
68,77,11,0,1,3
168,87,10,0,1,4
180,88,10,1,0,4
185,79,10,0,4,8
130,80,12,1,2,8
58,133,12,0,0,5
191,81,10,0,3,8
161,129,12,0,4,5
173,107,10,0,1,0
170,81,12,0,3,8
67,114,10,1,4,7
50,81,11,0,3,8
131,92,12,1,1,4
86,131,10,0,3,5
153,131,10,0,3,5
200,73,12,0,0,3
53,101,11,0,3,9
25,104,10,1,4,0
133,148,12,1,0,6
98,109,10,0,4,0
88,111,12,0,3,7
58,82,12,1,1,8
140,75,10,0,2,3
55,80,10,1,2,8
64,90,10,1,2,4
70,89,11,0,4,4
199,86,10,1,3,8
50,141,11,0,3,2
91,125,12,0,2,1
89,75,12,0,2,3
91,129,11,0,4,5
76,112,10,1,1,7
138,85,11,0,2,8
10,100,12,1,2,9
160,72,12,1,1,3
66,108,11,1,0,0
41,106,12,1,3,0
61,135,11,0,2,2
97,126,12,1,3,1
79,137,11,0,1,2
127,91,11,0,3,4
83,97,10,0,1,9
145,107,12,0,1,0
13,86,11,1,3,8
10,115,11,0,2,7
108,102,10,1,1,9
176,133,11,0,0,5
158,76,11,1,3,3
172,108,11,1,0,0
50,122,11,1,1,1
145,132,11,1,1,5
41,134,10,1,4,5
8,98,10,1,0,9
77,82,11,1,1,8
147,105,12,0,2,0
197,102,12,1,1,9
32,80,11,1,2,8
143,132,11,1,1,5
115,113,11,0,0,7
43,106,10,1,3,0
129,145,12,0,2,6
81,99,12,0,4,9
146,122,11,1,1,1
161,132,12,1,1,5
121,76,10,1,3,3
88,103,10,0,0,0
78,100,11,1,2,9
130,126,11,1,3,1
152,127,10,0,1,5
138,92,10,1,1,4
117,135,11,0,2,2
197,107,10,0,1,0
38,79,12,0,4,8
92,121,11,0,3,1
81,77,12,0,1,3
141,125,12,0,2,1
9,140,11,1,2,2
19,127,10,0,1,5
92,84,11,1,4,8
101,143,11,0,0,6
2,112,10,1,1,7
189,146,10,1,3,6
45,88,10,1,0,4
33,124,10,1,4,1
157,74,12,1,4,3
65,148,10,1,0,6
120,96,10,1,3,9
133,112,12,1,1,7
179,72,10,1,1,3
176,89,11,0,4,4
4,89,11,0,4,4
51,149,12,0,4,6
67,77,11,0,1,3
166,144,11,1,4,6
178,132,11,1,1,5
5,87,11,0,1,4
134,132,10,1,1,5
153,102,11,1,1,9
4,127,10,0,1,5
38,100,12,1,2,9
143,138,10,1,0,2
5,137,11,0,1,2
21,126,10,1,3,1
175,133,12,0,0,5
28,149,10,0,4,6
99,90,11,1,2,4
131,143,10,0,0,6
44,109,11,0,4,0
22,123,11,0,0,1
143,148,12,1,0,6
174,118,12,1,0,7
26,107,10,0,1,0
73,132,11,1,1,5
47,100,12,1,2,9
93,121,12,0,3,1
127,130,11,1,2,5
88,143,10,0,0,6
168,129,10,0,4,5
96,116,10,1,3,7
143,101,11,0,3,9
123,145,10,0,2,6
170,84,11,1,4,8
164,95,11,0,2,9
86,139,12,0,4,2
93,102,10,1,1,9
97,116,12,1,3,7
185,101,11,0,3,9
125,98,11,1,0,9
140,77,10,0,1,3
185,111,12,0,3,7
19,96,11,1,3,9
65,78,11,1,0,3
38,148,10,1,0,6
36,99,11,0,4,9
197,71,12,0,3,3
10,99,12,0,4,9
165,115,11,0,2,7
119,132,12,1,1,5
45,127,11,0,1,5
16,91,10,0,3,4
39,112,12,1,1,7
308,10,1,1,2,10
365,33,3,0,0,0
332,3,3,0,0,3
303,18,6,1,0,11
365,29,2,0,4,0
373,27,6,0,1,7
366,4,1,1,4,3
325,11,3,0,3,10
370,6,1,1,3,3
333,13,6,0,0,10
373,8,6,1,0,10
358,33,5,0,0,0
302,10,6,1,2,10
394,5,1,0,2,3
395,33,1,0,0,0
368,31,6,0,3,0
306,31,4,0,3,0
341,16,6,1,3,11
313,18,4,1,0,11
369,2,6,1,1,3
307,2,2,1,1,3
311,28,5,1,0,7
329,9,1,0,4,10
400,6,5,1,3,3
351,13,1,0,0,10
316,28,5,1,0,7
332,13,5,0,0,10
362,32,3,1,1,0
333,20,1,1,2,11
389,22,2,1,1,7
368,23,6,0,0,7
362,29,1,0,4,0
334,31,6,0,3,0
343,3,2,0,0,3
372,21,3,0,3,11
364,13,6,0,0,10
343,32,5,1,1,0
324,4,5,1,4,3
371,33,2,0,0,0
355,5,4,0,2,3
308,13,3,0,0,10
378,10,4,1,2,10
365,30,6,1,2,0
377,2,1,1,1,3
317,1,5,0,3,3
384,1,2,0,3,3
351,3,4,0,0,3
333,18,5,1,0,11
364,12,4,1,1,10
325,21,3,0,3,11
312,30,5,1,2,0
395,13,4,0,0,10
344,15,1,0,2,11
388,11,6,0,3,10
365,35,5,0,2,0
374,33,1,0,0,0
391,25,4,0,2,7
305,4,2,1,4,3
354,13,5,0,0,10
347,1,3,0,3,3
302,30,4,1,2,0
369,26,6,1,3,7
368,24,3,1,4,7
308,9,2,0,4,10
324,26,2,1,3,7
322,11,1,0,3,10
383,13,5,0,0,10
331,1,4,0,3,3
359,33,3,0,0,0
373,33,2,0,0,0
399,12,2,1,1,10
361,35,3,0,2,0
338,20,1,1,2,11
377,6,1,1,3,3
377,7,1,0,1,3
337,5,3,0,2,3
315,5,5,0,2,3
323,6,3,1,3,3
334,19,1,0,4,11
339,33,6,0,0,0
331,32,3,1,1,0
317,10,4,1,2,10
397,17,6,0,1,11
386,14,3,1,4,10
353,29,3,0,4,0
378,23,4,0,0,7
382,21,1,0,3,11
376,7,1,0,1,3
314,28,6,1,0,7
339,31,5,0,3,0
381,18,1,1,0,11
326,11,1,0,3,10
328,31,2,0,3,0
350,34,6,1,4,0
344,35,3,0,2,0
315,6,1,1,3,3
388,22,6,1,1,7
391,30,2,1,2,0
340,35,3,0,2,0
312,7,3,0,1,3
309,14,3,1,4,10
359,2,4,1,1,3
312,6,6,1,3,3
355,4,2,1,4,3
339,18,3,1,0,11
374,26,6,1,3,7
382,10,1,1,2,10
311,25,6,0,2,7
302,25,4,0,2,7
367,22,5,1,1,7
319,8,3,1,0,10
376,21,2,0,3,11
351,9,5,0,4,10
326,26,6,1,3,7
398,2,6,1,1,3
335,27,4,0,1,7
318,20,5,1,2,11
354,7,4,0,1,3
395,3,4,0,0,3
377,30,6,1,2,0
378,20,1,1,2,11
368,3,2,0,0,3
340,35,2,0,2,0
342,28,6,1,0,7
330,33,6,0,0,0
385,24,6,1,4,7
381,9,5,0,4,10
327,3,4,0,0,3
319,26,5,1,3,7
317,33,2,0,0,0
346,4,5,1,4,3
361,28,1,1,0,7
398,19,6,0,4,11
333,18,4,1,0,11
341,35,1,0,2,0
398,10,5,1,2,10
358,20,3,1,2,11
362,1,5,0,3,3
347,6,4,1,3,3
306,1,5,0,3,3
354,9,1,0,4,10
305,14,4,1,4,10
313,23,2,0,0,7
322,8,4,1,0,10
374,35,4,0,2,0
316,31,4,0,3,0
395,2,2,1,1,3
319,4,6,1,4,3
390,24,4,1,4,7
386,15,5,0,2,11
400,10,1,1,2,10
315,19,6,0,4,11
307,17,3,0,1,11
345,15,2,0,2,11
372,34,6,1,4,0
330,24,3,1,4,7
389,33,3,0,0,0
312,27,3,0,1,7
384,1,4,0,3,3
371,26,5,1,3,7
347,6,6,1,3,3
353,18,5,1,0,11
326,18,1,1,0,11
395,27,1,0,1,7
346,33,1,0,0,0
360,21,5,0,3,11
389,17,3,0,1,11
355,1,5,0,3,3
326,34,3,1,4,0
347,24,2,1,4,7
318,11,3,0,3,10
335,22,3,1,1,7
400,31,3,0,3,0
390,16,5,1,3,11
356,19,4,0,4,11
383,7,2,0,1,3
383,21,5,0,3,11
335,9,4,0,4,10
317,28,6,1,0,7
309,24,6,1,4,7
316,6,1,1,3,3
310,23,2,0,0,7
309,28,3,1,0,7
328,27,3,0,1,7
394,35,1,0,2,0
320,23,1,0,0,7
349,1,1,0,3,3
303,15,2,0,2,11
317,31,6,0,3,0
361,14,4,1,4,10
337,26,6,1,3,7
357,6,4,1,3,3
325,32,2,1,1,0
397,26,2,1,3,7
372,14,6,1,4,10
374,25,4,0,2,7
363,9,5,0,4,10
313,29,3,0,4,0
391,16,6,1,3,11
314,29,5,0,4,0
356,20,3,1,2,11
324,29,6,0,4,0
330,15,1,0,2,11
335,26,2,1,3,7
332,4,6,1,4,3
330,34,3,1,4,0
326,22,2,1,1,7
320,9,5,0,4,10
372,4,2,1,4,3
313,4,2,1,4,3
306,28,3,1,0,7
337,4,6,1,4,3
319,35,2,0,2,0
352,23,3,0,0,7
313,16,5,1,3,11
392,6,5,1,3,3
391,11,5,0,3,10
326,24,5,1,4,7
364,21,3,0,3,11
315,21,2,0,3,11
338,24,5,1,4,7
325,31,5,0,3,0
330,18,4,1,0,11
381,13,3,0,0,10
312,29,1,0,4,0
309,26,5,1,3,7
312,7,6,0,1,3
384,16,5,1,3,11
312,20,3,1,2,11
396,20,2,1,2,11
360,14,2,1,4,10
360,18,6,1,0,11
330,22,4,1,1,7
375,35,4,0,2,0
331,20,1,1,2,11
317,27,2,0,1,7
326,16,6,1,3,11
393,34,1,1,4,0
350,30,1,1,2,0
306,1,5,0,3,3
308,2,6,1,1,3
371,25,3,0,2,7
359,35,1,0,2,0
325,19,4,0,4,11
369,2,5,1,1,3
308,33,2,0,0,0
332,33,2,0,0,0
393,13,4,0,0,10
382,27,4,0,1,7
346,6,2,1,3,3
335,27,1,0,1,7
342,13,4,0,0,10
392,17,2,0,1,11
370,23,5,0,0,7
323,1,1,0,3,3
389,23,2,0,0,7
315,29,6,0,4,0
305,11,4,0,3,10
316,10,5,1,2,10
375,6,4,1,3,3
324,20,2,1,2,11
364,27,5,0,1,7
349,23,6,0,0,7
377,14,5,1,4,10
355,34,4,1,4,0
385,19,2,0,4,11
334,2,6,1,1,3
352,14,4,1,4,10
347,34,4,1,4,0
400,13,2,0,0,10
344,11,6,0,3,10
398,34,2,1,4,0
384,30,6,1,2,0
394,16,5,1,3,11
301,19,2,0,4,11
313,7,3,0,1,3
366,30,1,1,2,0
305,8,5,1,0,10
303,19,1,0,4,11
352,31,3,0,3,0
369,9,5,0,4,10
338,15,4,0,2,11
338,8,5,1,0,10
382,2,5,1,1,3
314,31,5,0,3,0
310,8,4,1,0,10
371,24,6,1,4,7
301,19,1,0,4,11
365,7,4,0,1,3
364,26,4,1,3,7
304,1,4,0,3,3
355,15,3,0,2,11
394,34,4,1,4,0
393,9,2,0,4,10
353,9,5,0,4,10
347,19,5,0,4,11
379,23,3,0,0,7
317,33,3,0,0,0
393,8,1,1,0,10
400,8,1,1,0,10
336,35,3,0,2,0
379,23,4,0,0,7
309,22,6,1,1,7
374,35,1,0,2,0
332,6,6,1,3,3
396,21,5,0,3,11
328,17,3,0,1,11
356,26,6,1,3,7
358,1,4,0,3,3
314,17,3,0,1,11
313,14,4,1,4,10
382,30,1,1,2,0
338,22,4,1,1,7
344,32,3,1,1,0
346,2,5,1,1,3
357,26,2,1,3,7
387,29,2,0,4,0
342,28,1,1,0,7
320,16,3,1,3,11
381,18,5,1,0,11
333,30,5,1,2,0
320,29,3,0,4,0
371,7,4,0,1,3
384,30,1,1,2,0
384,9,6,0,4,10
365,34,5,1,4,0
314,35,5,0,2,0
383,20,5,1,2,11
322,6,1,1,3,3
378,6,2,1,3,3
386,13,6,0,0,10
373,33,6,0,0,0
323,3,6,0,0,3
376,20,3,1,2,11
339,14,4,1,4,10
373,8,2,1,0,10
344,10,4,1,2,10
330,17,6,0,1,11
313,20,4,1,2,11
338,8,2,1,0,10
380,4,2,1,4,3
353,27,1,0,1,7
326,20,1,1,2,11
325,8,2,1,0,10
380,14,3,1,4,10
340,27,3,0,1,7
308,35,3,0,2,0
349,35,2,0,2,0
388,16,1,1,3,11
366,30,1,1,2,0
316,33,1,0,0,0
334,1,6,0,3,3
383,22,6,1,1,7
343,26,2,1,3,7
320,2,2,1,1,3
332,7,3,0,1,3
351,9,5,0,4,10
330,34,3,1,4,0
388,3,6,0,0,3
301,16,6,1,3,11
323,26,3,1,3,7
334,12,5,1,1,10
348,2,5,1,1,3
383,8,3,1,0,10
327,28,4,1,0,7
305,35,3,0,2,0
333,14,2,1,4,10
368,33,1,0,0,0
381,23,4,0,0,7
340,30,5,1,2,0
308,28,4,1,0,7
370,17,4,0,1,11
312,22,6,1,1,7
315,3,5,0,0,3
320,21,1,0,3,11
336,33,3,0,0,0
352,18,6,1,0,11
360,27,4,0,1,7
386,4,6,1,4,3
302,19,2,0,4,11
336,23,1,0,0,7
385,34,5,1,4,0
311,14,3,1,4,10
307,4,1,1,4,3
303,6,5,1,3,3
312,26,2,1,3,7
328,3,5,0,0,3
374,23,4,0,0,7
375,15,5,0,2,11
392,23,1,0,0,7
311,35,3,0,2,0
375,23,6,0,0,7
375,1,6,0,3,3
345,14,1,1,4,10
338,6,4,1,3,3
312,33,5,0,0,0
373,29,2,0,4,0
318,8,6,1,0,10
364,9,5,0,4,10
308,28,6,1,0,7
330,32,4,1,1,0
342,22,3,1,1,7
318,13,3,0,0,10
353,27,3,0,1,7
400,26,2,1,3,7
304,32,2,1,1,0
357,22,3,1,1,7
343,34,1,1,4,0
370,22,3,1,1,7
355,19,5,0,4,11
309,3,2,0,0,3
329,28,4,1,0,7
386,15,3,0,2,11
396,27,1,0,1,7
400,14,2,1,4,10
350,20,5,1,2,11
335,25,6,0,2,7
313,11,6,0,3,10
396,23,6,0,0,7
327,22,4,1,1,7
337,17,4,0,1,11
315,26,6,1,3,7
392,13,2,0,0,10
384,24,4,1,4,7
311,24,4,1,4,7
310,15,1,0,2,11
347,31,4,0,3,0
373,18,5,1,0,11
381,20,4,1,2,11
398,26,5,1,3,7
380,24,5,1,4,7
373,29,4,0,4,0
314,13,1,0,0,10
351,32,1,1,1,0
335,25,4,0,2,7
379,10,3,1,2,10
364,6,4,1,3,3
380,13,1,0,0,10
393,14,5,1,4,10
318,14,1,1,4,10
302,34,1,1,4,0
392,27,4,0,1,7
307,31,4,0,3,0
318,33,5,0,0,0
359,26,5,1,3,7
335,14,4,1,4,10
370,24,3,1,4,7
348,27,6,0,1,7
393,14,1,1,4,10
345,17,5,0,1,11
392,24,1,1,4,7
341,5,6,0,2,3
366,23,1,0,0,7
326,9,3,0,4,10
397,31,5,0,3,0
333,12,5,1,1,10
321,13,6,0,0,10
317,17,1,0,1,11
306,3,5,0,0,3
310,16,1,1,3,11
392,5,5,0,2,3
321,15,4,0,2,11
379,22,1,1,1,7
397,29,5,0,4,0
373,23,3,0,0,7
392,7,4,0,1,3
303,5,1,0,2,3
344,2,6,1,1,3
364,20,2,1,2,11
317,26,3,1,3,7
349,9,4,0,4,10
341,7,2,0,1,3
310,18,2,1,0,11
342,28,5,1,0,7
334,30,2,1,2,0
394,7,1,0,1,3
359,20,3,1,2,11
311,12,6,1,1,10
349,28,1,1,0,7
329,12,3,1,1,10
320,22,3,1,1,7
396,21,4,0,3,11
321,30,3,1,2,0
302,14,2,1,4,10
371,20,4,1,2,11
391,25,1,0,2,7
325,19,6,0,4,11
348,21,3,0,3,11
315,10,2,1,2,10
325,34,4,1,4,0
351,27,6,0,1,7
335,3,4,0,0,3
400,25,2,0,2,7
379,9,5,0,4,10
350,10,5,1,2,10
359,1,1,0,3,3
399,11,5,0,3,10
352,27,3,0,1,7
355,15,2,0,2,11
330,8,2,1,0,10
349,30,1,1,2,0
311,13,6,0,0,10
389,4,5,1,4,3
344,30,2,1,2,0
310,30,1,1,2,0
384,18,1,1,0,11
301,25,1,0,2,7
381,19,4,0,4,11
317,14,5,1,4,10
335,1,1,0,3,3
345,27,3,0,1,7
394,10,6,1,2,10
312,15,5,0,2,11
376,20,5,1,2,11
314,34,3,1,4,0
343,28,6,1,0,7
371,26,4,1,3,7
378,33,6,0,0,0
363,34,4,1,4,0
351,7,4,0,1,3
384,27,1,0,1,7
393,6,1,1,3,3
384,29,3,0,4,0
323,28,4,1,0,7
363,34,6,1,4,0
376,32,2,1,1,0
321,1,5,0,3,3
302,33,3,0,0,0
394,33,1,0,0,0
393,7,1,0,1,3
398,30,2,1,2,0
330,3,3,0,0,3
385,7,3,0,1,3
364,25,3,0,2,7
384,10,2,1,2,10
357,18,3,1,0,11
321,29,5,0,4,0
362,30,1,1,2,0
363,31,3,0,3,0
351,17,4,0,1,11
323,15,6,0,2,11
399,27,2,0,1,7
358,3,5,0,0,3
307,5,3,0,2,3
386,2,4,1,1,3
345,31,2,0,3,0
315,25,2,0,2,7
334,5,6,0,2,3
331,12,5,1,1,10
351,17,3,0,1,11
302,17,1,0,1,11
371,19,2,0,4,11
393,15,1,0,2,11
379,18,1,1,0,11
329,13,4,0,0,10
370,32,4,1,1,0
362,14,4,1,4,10
335,30,4,1,2,0
311,7,5,0,1,3
367,31,2,0,3,0
311,30,3,1,2,0
374,5,4,0,2,3
334,30,5,1,2,0
307,4,3,1,4,3
304,3,2,0,0,3
326,16,4,1,3,11
344,32,6,1,1,0
371,13,5,0,0,10
308,16,6,1,3,11
333,10,4,1,2,10
353,31,5,0,3,0
366,31,4,0,3,0
330,31,1,0,3,0
335,17,5,0,1,11
345,12,2,1,1,10
330,33,5,0,0,0
399,33,4,0,0,0
379,30,6,1,2,0
313,20,6,1,2,11
331,11,3,0,3,10
316,27,5,0,1,7
339,34,5,1,4,0
309,13,1,0,0,10
390,28,2,1,0,7
314,17,6,0,1,11
400,10,6,1,2,10
387,9,5,0,4,10
357,27,2,0,1,7
329,34,3,1,4,0
355,6,6,1,3,3
350,35,1,0,2,0
396,4,1,1,4,3
393,17,3,0,1,11
356,18,4,1,0,11
388,13,5,0,0,10
342,4,3,1,4,3
368,7,1,0,1,3
318,34,6,1,4,0
373,1,2,0,3,3
375,19,4,0,4,11
362,26,3,1,3,7
309,2,2,1,1,3
349,1,2,0,3,3
323,21,2,0,3,11
337,14,3,1,4,10
310,21,5,0,3,11
399,6,1,1,3,3
354,5,2,0,2,3
320,24,5,1,4,7
369,8,3,1,0,10
342,30,1,1,2,0
364,17,5,0,1,11
396,9,2,0,4,10
373,30,1,1,2,0
331,35,5,0,2,0
392,18,6,1,0,11
372,34,4,1,4,0
369,18,6,1,0,11
348,15,5,0,2,11
335,13,4,0,0,10
366,26,4,1,3,7
337,4,4,1,4,3
331,25,2,0,2,7
354,11,6,0,3,10
364,18,4,1,0,11
393,15,3,0,2,11
353,3,5,0,0,3
331,28,1,1,0,7
341,24,3,1,4,7
312,26,1,1,3,7
378,34,2,1,4,0
316,30,5,1,2,0
317,8,5,1,0,10
367,15,2,0,2,11
357,18,2,1,0,11
309,18,4,1,0,11
393,2,3,1,1,3
374,10,3,1,2,10
396,7,6,0,1,3
365,33,5,0,0,0
340,28,1,1,0,7
325,14,5,1,4,10
319,30,5,1,2,0
381,13,6,0,0,10
331,1,1,0,3,3
374,18,4,1,0,11
317,25,4,0,2,7
305,9,1,0,4,10
333,34,4,1,4,0
345,16,4,1,3,11
331,21,5,0,3,11
355,25,2,0,2,7
395,12,1,1,1,10
374,2,3,1,1,3
368,18,3,1,0,11
378,28,3,1,0,7
320,9,1,0,4,10
328,6,1,1,3,3
343,15,1,0,2,11
332,30,6,1,2,0
374,14,2,1,4,10
340,6,6,1,3,3
353,25,3,0,2,7
319,23,6,0,0,7
354,21,3,0,3,11
387,11,5,0,3,10
342,33,2,0,0,0
317,3,6,0,0,3
397,26,4,1,3,7
320,14,1,1,4,10
327,3,1,0,0,3
376,9,1,0,4,10
324,24,1,1,4,7
349,3,6,0,0,3
377,13,5,0,0,10
360,4,5,1,4,3
360,27,4,0,1,7
325,19,3,0,4,11
335,14,5,1,4,10
321,23,2,0,0,7
357,23,1,0,0,7
344,17,4,0,1,11
302,15,1,0,2,11
398,5,2,0,2,3
371,22,2,1,1,7
391,9,5,0,4,10
302,11,4,0,3,10
397,1,1,0,3,3
397,14,5,1,4,10
399,25,1,0,2,7
344,9,2,0,4,10
311,1,5,0,3,3
357,3,2,0,0,3
323,28,6,1,0,7
317,26,1,1,3,7
314,27,3,0,1,7
307,16,4,1,3,11
366,16,1,1,3,11
310,34,3,1,4,0
319,23,4,0,0,7
368,27,5,0,1,7
328,12,2,1,1,10
319,14,3,1,4,10
380,26,3,1,3,7
326,19,4,0,4,11
345,13,3,0,0,10
363,26,2,1,3,7
311,33,2,0,0,0
391,21,4,0,3,11
380,17,2,0,1,11
369,25,6,0,2,7
354,22,1,1,1,7
327,26,1,1,3,7
391,17,1,0,1,11
382,6,6,1,3,3
341,31,3,0,3,0
329,3,2,0,0,3
375,13,2,0,0,10
334,4,2,1,4,3
309,24,4,1,4,7
327,3,5,0,0,3
374,11,6,0,3,10
368,21,1,0,3,11
329,10,6,1,2,10
336,27,5,0,1,7
352,2,1,1,1,3
361,23,1,0,0,7
397,35,6,0,2,0
332,17,2,0,1,11
332,9,1,0,4,10
330,5,5,0,2,3
336,25,6,0,2,7
302,13,6,0,0,10
329,15,2,0,2,11
309,6,4,1,3,3
398,34,1,1,4,0
382,1,5,0,3,3
335,16,1,1,3,11
379,2,1,1,1,3
354,12,4,1,1,10
385,24,5,1,4,7
312,12,2,1,1,10
367,35,1,0,2,0
366,25,1,0,2,7
348,11,5,0,3,10
331,27,5,0,1,7
372,27,2,0,1,7
304,13,5,0,0,10
316,10,2,1,2,10
313,10,2,1,2,10
385,24,3,1,4,7
367,8,4,1,0,10
370,30,6,1,2,0
316,10,3,1,2,10
303,3,1,0,0,3
313,28,2,1,0,7
343,13,5,0,0,10
309,16,2,1,3,11
347,19,4,0,4,11
332,26,6,1,3,7
334,32,3,1,1,0
337,35,3,0,2,0
387,34,5,1,4,0
385,4,5,1,4,3
398,13,5,0,0,10
339,12,6,1,1,10
332,2,2,1,1,3
365,25,2,0,2,7
350,18,3,1,0,11
306,1,1,0,3,3
381,15,4,0,2,11
331,5,2,0,2,3
336,4,3,1,4,3
322,26,1,1,3,7
308,16,1,1,3,11
400,4,3,1,4,3
351,35,2,0,2,0
371,26,5,1,3,7
394,18,6,1,0,11
337,28,4,1,0,7
370,12,2,1,1,10
383,15,2,0,2,11
332,14,3,1,4,10
317,2,6,1,1,3
360,20,1,1,2,11
363,35,6,0,2,0
389,35,4,0,2,0
364,18,1,1,0,11
389,5,3,0,2,3
303,20,4,1,2,11
318,4,6,1,4,3
367,10,4,1,2,10
361,31,4,0,3,0
325,34,4,1,4,0
370,13,2,0,0,10
317,6,3,1,3,3
372,35,2,0,2,0
384,2,5,1,1,3
360,18,4,1,0,11
396,18,4,1,0,11
398,34,2,1,4,0
322,18,4,1,0,11
358,15,5,0,2,11
331,33,2,0,0,0
347,3,6,0,0,3
328,28,4,1,0,7
351,17,3,0,1,11
347,12,4,1,1,10
317,21,4,0,3,11
365,7,4,0,1,3
329,8,4,1,0,10
344,12,3,1,1,10
383,6,3,1,3,3
379,29,2,0,4,0
304,11,2,0,3,10
395,25,3,0,2,7
386,18,5,1,0,11
382,21,4,0,3,11
321,4,3,1,4,3
317,18,5,1,0,11
326,22,3,1,1,7
357,35,4,0,2,0
386,23,5,0,0,7
360,14,3,1,4,10
346,10,2,1,2,10
355,2,5,1,1,3
397,17,2,0,1,11
389,16,3,1,3,11
388,8,6,1,0,10
379,8,3,1,0,10
334,31,1,0,3,0
310,8,4,1,0,10
361,20,2,1,2,11
399,27,6,0,1,7
338,29,2,0,4,0
306,9,4,0,4,10
319,30,3,1,2,0
340,30,1,1,2,0
332,10,2,1,2,10
311,28,4,1,0,7
364,7,5,0,1,3
388,15,3,0,2,11
371,21,5,0,3,11
365,13,2,0,0,10
393,1,4,0,3,3
350,17,3,0,1,11
372,32,3,1,1,0
351,14,2,1,4,10
328,8,6,1,0,10
322,1,4,0,3,3
348,4,6,1,4,3
319,11,2,0,3,10
356,2,6,1,1,3
317,3,1,0,0,3
393,16,1,1,3,11
393,31,4,0,3,0
358,29,6,0,4,0
388,4,3,1,4,3
351,19,1,0,4,11
354,16,6,1,3,11
315,11,4,0,3,10
349,25,4,0,2,7
384,26,5,1,3,7
313,24,2,1,4,7
341,6,1,1,3,3
347,21,2,0,3,11
376,34,3,1,4,0
318,12,1,1,1,10
347,25,3,0,2,7
344,34,5,1,4,0
378,23,1,0,0,7
350,17,5,0,1,11
353,14,1,1,4,10
374,31,3,0,3,0
383,21,1,0,3,11
378,3,5,0,0,3
332,1,5,0,3,3
346,3,2,0,0,3
355,26,6,1,3,7
350,3,5,0,0,3
316,7,5,0,1,3
376,8,3,1,0,10
376,14,6,1,4,10
359,19,4,0,4,11
318,14,6,1,4,10
340,15,6,0,2,11
304,7,2,0,1,3
310,18,3,1,0,11
396,1,6,0,3,3
320,1,3,0,3,3
326,7,4,0,1,3
395,1,2,0,3,3
348,11,5,0,3,10
316,4,6,1,4,3
378,28,6,1,0,7
342,2,4,1,1,3
322,6,2,1,3,3
375,31,5,0,3,0
367,13,4,0,0,10
316,15,2,0,2,11
362,7,1,0,1,3
364,20,5,1,2,11
321,10,3,1,2,10
380,26,6,1,3,7
329,26,4,1,3,7
389,19,4,0,4,11
362,25,3,0,2,7
358,19,2,0,4,11
389,12,5,1,1,10
370,8,3,1,0,10
339,16,4,1,3,11
377,6,3,1,3,3
380,5,4,0,2,3
391,28,6,1,0,7
333,32,4,1,1,0
353,21,6,0,3,11
358,34,4,1,4,0
312,33,5,0,0,0
394,27,1,0,1,7
338,14,5,1,4,10
385,6,5,1,3,3
353,20,1,1,2,11
316,20,4,1,2,11
338,12,6,1,1,10
370,14,2,1,4,10
400,30,6,1,2,0
315,8,3,1,0,10
353,10,3,1,2,10
336,1,5,0,3,3
395,1,6,0,3,3
302,12,4,1,1,10
372,5,5,0,2,3
391,12,1,1,1,10
367,6,6,1,3,3
344,21,5,0,3,11
302,25,4,0,2,7
389,32,5,1,1,0
395,27,6,0,1,7
384,2,5,1,1,3
370,35,3,0,2,0
313,24,3,1,4,7
371,10,5,1,2,10
334,12,4,1,1,10
397,5,4,0,2,3
351,19,4,0,4,11
325,15,2,0,2,11
311,27,5,0,1,7
341,3,6,0,0,3
304,6,1,1,3,3
305,9,6,0,4,10
307,29,4,0,4,0
317,12,3,1,1,10
360,22,2,1,1,7
312,29,1,0,4,0
371,28,3,1,0,7
394,32,1,1,1,0
341,35,4,0,2,0
374,1,6,0,3,3
316,30,3,1,2,0
369,9,1,0,4,10
311,29,6,0,4,0
374,16,4,1,3,11
314,25,6,0,2,7
314,24,3,1,4,7
309,32,1,1,1,0
325,2,3,1,1,3
331,19,3,0,4,11
387,18,4,1,0,11
314,11,4,0,3,10
357,34,1,1,4,0
302,21,3,0,3,11
343,22,2,1,1,7
344,7,6,0,1,3
345,18,3,1,0,11
318,23,3,0,0,7
343,30,6,1,2,0
363,16,5,1,3,11
342,2,5,1,1,3
378,6,4,1,3,3
368,22,4,1,1,7
304,4,4,1,4,3
320,20,5,1,2,11
386,4,2,1,4,3
347,5,3,0,2,3
337,4,5,1,4,3
362,7,5,0,1,3
390,9,2,0,4,10
333,21,3,0,3,11
398,18,5,1,0,11
329,28,5,1,0,7
396,20,5,1,2,11
351,28,1,1,0,7
393,27,1,0,1,7
337,4,1,1,4,3
325,35,5,0,2,0
387,35,1,0,2,0
362,2,5,1,1,3
327,27,5,0,1,7
336,3,1,0,0,3
358,22,5,1,1,7
298,48,8,1,0,10
252,54,9,1,4,11
299,65,8,0,2,0
213,65,8,0,2,0
268,38,8,1,0,3
281,54,7,1,4,11
281,55,9,0,2,11
234,59,8,0,4,7
257,55,8,0,2,11
265,50,8,1,2,11
229,58,7,1,0,7
281,61,7,0,3,7
215,48,8,1,0,10
218,38,8,1,0,3
210,36,7,1,3,3
286,51,7,0,3,11
272,44,8,1,4,10
296,65,8,0,2,0
280,56,8,1,3,11
275,48,7,1,0,10
260,53,8,0,0,11
228,58,8,1,0,7
270,70,7,1,2,0
281,67,9,0,1,0
216,56,7,1,3,11
229,70,8,1,2,0
205,45,8,0,2,10
264,55,9,0,2,11
266,69,7,0,4,0
294,46,8,1,3,10
205,54,7,1,4,11
280,41,9,0,3,3
203,61,8,0,3,7
293,65,9,0,2,0
226,46,7,1,3,10
243,55,7,0,2,11
238,57,7,0,1,7
237,68,9,1,0,0
274,67,8,0,1,0
251,53,9,0,0,11
225,67,7,0,1,0
282,52,9,1,1,11
252,43,8,0,0,10
286,57,9,0,1,7
212,52,9,1,1,11
272,70,8,1,2,0
267,60,7,1,2,7
221,46,8,1,3,10
205,52,8,1,1,11
271,49,8,0,4,10
239,46,9,1,3,10
252,61,7,0,3,7
252,44,7,1,4,10
201,39,8,0,4,3
290,58,7,1,0,7
285,43,9,0,0,10
292,50,8,1,2,11
221,66,8,1,3,0
248,57,7,0,1,7
204,38,9,1,0,3
294,70,8,1,2,0
231,62,7,1,1,7
295,59,9,0,4,7
243,52,7,1,1,11
219,47,8,0,1,10
261,65,7,0,2,0
211,66,8,1,3,0
270,57,8,0,1,7
277,45,9,0,2,10
281,66,7,1,3,0
230,52,7,1,1,11
211,52,9,1,1,11
224,69,8,0,4,0
279,60,9,1,2,7
251,44,7,1,4,10
245,58,8,1,0,7
215,61,8,0,3,7
203,61,8,0,3,7
282,61,8,0,3,7
274,67,9,0,1,0
214,54,8,1,4,11
245,40,7,1,2,3
201,61,8,0,3,7
294,62,7,1,1,7
271,44,9,1,4,10
268,62,8,1,1,7
240,58,8,1,0,7
271,43,8,0,0,10
251,50,9,1,2,11
283,51,8,0,3,11
217,64,8,1,4,0
238,38,8,1,0,3
256,48,7,1,0,10
281,58,7,1,0,7
252,62,8,1,1,7
203,61,7,0,3,7
267,37,7,0,1,3
268,50,7,1,2,11
215,42,8,1,1,3
292,69,8,0,4,0
211,45,7,0,2,10
246,69,8,0,4,0
261,70,9,1,2,0
280,63,7,0,0,7
255,55,7,0,2,11
269,37,8,0,1,3
209,51,9,0,3,11
277,36,8,1,3,3
292,70,7,1,2,0
274,52,8,1,1,11
233,60,7,1,2,7
265,44,8,1,4,10
219,59,8,0,4,7
239,52,8,1,1,11
210,39,9,0,4,3
247,40,7,1,2,3
210,51,8,0,3,11
224,54,7,1,4,11
261,45,8,0,2,10
282,41,8,0,3,3
208,44,8,1,4,10
234,68,7,1,0,0
270,65,9,0,2,0
273,47,7,0,1,10
207,63,9,0,0,7
290,49,8,0,4,10
252,37,7,0,1,3
238,48,9,1,0,10
231,66,7,1,3,0
295,61,7,0,3,7
201,36,7,1,3,3
211,47,7,0,1,10
289,51,7,0,3,11
281,39,8,0,4,3
282,55,8,0,2,11
201,46,9,1,3,10
239,58,9,1,0,7
288,49,8,0,4,10
205,38,8,1,0,3
212,36,8,1,3,3
290,40,9,1,2,3
211,40,9,1,2,3
235,47,8,0,1,10
269,61,9,0,3,7
265,48,7,1,0,10
215,45,8,0,2,10
292,45,7,0,2,10
256,61,8,0,3,7
217,54,8,1,4,11
216,40,7,1,2,3
241,40,9,1,2,3
234,53,9,0,0,11
205,50,7,1,2,11
262,56,8,1,3,11
225,41,9,0,3,3
232,51,9,0,3,11
261,38,8,1,0,3
256,64,8,1,4,0
267,66,9,1,3,0
272,45,9,0,2,10
212,50,9,1,2,11
221,39,7,0,4,3
290,69,8,0,4,0
288,70,8,1,2,0
271,66,8,1,3,0
246,56,7,1,3,11
271,39,8,0,4,3
289,44,9,1,4,10
294,51,7,0,3,11
299,45,8,0,2,10
220,65,7,0,2,0
282,52,8,1,1,11
230,45,7,0,2,10
286,56,9,1,3,11
201,67,7,0,1,0
235,68,8,1,0,0
298,56,8,1,3,11
231,38,8,1,0,3
229,40,8,1,2,3
256,57,9,0,1,7
253,69,7,0,4,0
269,66,9,1,3,0
269,69,9,0,4,0
274,41,8,0,3,3
212,69,7,0,4,0
254,46,9,1,3,10
246,41,9,0,3,3
207,51,8,0,3,11
284,69,9,0,4,0
236,46,9,1,3,10
265,50,7,1,2,11
257,50,8,1,2,11
245,67,7,0,1,0
287,59,7,0,4,7
288,65,7,0,2,0
211,37,9,0,1,3
231,51,7,0,3,11
281,70,9,1,2,0
292,43,9,0,0,10
265,66,9,1,3,0
253,59,7,0,4,7
250,61,8,0,3,7
288,58,7,1,0,7
207,62,7,1,1,7
228,47,9,0,1,10
261,67,8,0,1,0
300,50,7,1,2,11
242,50,9,1,2,11
297,54,7,1,4,11
226,44,8,1,4,10
212,52,9,1,1,11
203,53,7,0,0,11
272,45,8,0,2,10
229,65,9,0,2,0
214,65,8,0,2,0
232,47,7,0,1,10
295,58,8,1,0,7
295,46,9,1,3,10
273,67,9,0,1,0
228,37,8,0,1,3
202,38,8,1,0,3
259,64,7,1,4,0
202,45,9,0,2,10
237,69,7,0,4,0
203,43,8,0,0,10
270,60,9,1,2,7
213,39,8,0,4,3
289,65,7,0,2,0
249,49,7,0,4,10
290,53,9,0,0,11
284,46,7,1,3,10
271,68,9,1,0,0
282,52,8,1,1,11
233,51,7,0,3,11
202,65,8,0,2,0
296,67,8,0,1,0
213,54,9,1,4,11
287,38,7,1,0,3
296,53,8,0,0,11
238,66,9,1,3,0
240,45,7,0,2,10
202,56,9,1,3,11
274,53,7,0,0,11
221,36,8,1,3,3
215,37,7,0,1,3
284,67,9,0,1,0
248,64,7,1,4,0
276,66,8,1,3,0
286,66,8,1,3,0
226,65,8,0,2,0
240,56,9,1,3,11
299,46,7,1,3,10
266,68,8,1,0,0
236,54,8,1,4,11
220,55,7,0,2,11
243,60,8,1,2,7
265,49,8,0,4,10
284,44,9,1,4,10
205,65,7,0,2,0
203,62,9,1,1,7
235,53,8,0,0,11
221,55,9,0,2,11
250,61,7,0,3,7
280,40,7,1,2,3
206,64,7,1,4,0
254,61,7,0,3,7
231,41,8,0,3,3
268,53,7,0,0,11
277,43,8,0,0,10
235,45,7,0,2,10
201,40,8,1,2,3
268,44,7,1,4,10
238,70,9,1,2,0
209,45,8,0,2,10
289,37,9,0,1,3
283,55,9,0,2,11
251,67,8,0,1,0
239,63,9,0,0,7
297,38,8,1,0,3
234,42,7,1,1,3
283,58,8,1,0,7
272,55,7,0,2,11
293,50,7,1,2,11
243,51,9,0,3,11
300,39,9,0,4,3
275,48,7,1,0,10
268,56,9,1,3,11
295,70,7,1,2,0
234,56,7,1,3,11
246,55,9,0,2,11
273,46,8,1,3,10
285,55,9,0,2,11
246,51,7,0,3,11
277,51,7,0,3,11
300,38,9,1,0,3
209,41,9,0,3,3
277,40,9,1,2,3
254,50,8,1,2,11
215,37,8,0,1,3
218,48,7,1,0,10
256,45,7,0,2,10
290,58,8,1,0,7
202,60,9,1,2,7
210,40,7,1,2,3
240,69,8,0,4,0
289,59,9,0,4,7
219,60,7,1,2,7
275,66,7,1,3,0
220,60,8,1,2,7
255,38,8,1,0,3
218,49,7,0,4,10
220,53,7,0,0,11
281,64,7,1,4,0
271,36,8,1,3,3
252,61,7,0,3,7
252,55,7,0,2,11
293,51,8,0,3,11
263,55,7,0,2,11
245,52,8,1,1,11
218,56,7,1,3,11
258,65,9,0,2,0
242,48,7,1,0,10
286,57,8,0,1,7
300,38,8,1,0,3
266,63,8,0,0,7
263,67,9,0,1,0
289,43,9,0,0,10
240,37,8,0,1,3
235,69,9,0,4,0
274,37,7,0,1,3
275,38,9,1,0,3
209,70,9,1,2,0
290,55,7,0,2,11
284,57,7,0,1,7
258,54,7,1,4,11
276,64,9,1,4,0
261,70,8,1,2,0
239,62,8,1,1,7
230,62,9,1,1,7
218,61,9,0,3,7
249,46,8,1,3,10
288,50,8,1,2,11
257,64,8,1,4,0
298,59,8,0,4,7
276,38,8,1,0,3
257,49,7,0,4,10
291,69,7,0,4,0
290,41,8,0,3,3
225,45,8,0,2,10
204,70,9,1,2,0
209,51,9,0,3,11
211,52,7,1,1,11
251,55,7,0,2,11
215,70,9,1,2,0
214,59,8,0,4,7
205,48,7,1,0,10
273,44,7,1,4,10
228,65,9,0,2,0
280,53,8,0,0,11
250,38,9,1,0,3
259,37,9,0,1,3
268,65,8,0,2,0
248,56,7,1,3,11
203,40,8,1,2,3
293,64,7,1,4,0
239,49,8,0,4,10
269,55,9,0,2,11
281,40,8,1,2,3
228,58,8,1,0,7
252,51,8,0,3,11
298,45,9,0,2,10
293,42,7,1,1,3
205,62,7,1,1,7
283,53,7,0,0,11
272,45,8,0,2,10
291,47,8,0,1,10
267,37,9,0,1,3
247,68,7,1,0,0
299,59,8,0,4,7
299,55,7,0,2,11
237,62,9,1,1,7
297,39,7,0,4,3
282,55,9,0,2,11
276,61,7,0,3,7
228,50,7,1,2,11
227,50,9,1,2,11
282,63,8,0,0,7
263,37,9,0,1,3
220,67,8,0,1,0
211,66,7,1,3,0
298,38,9,1,0,3
271,38,8,1,0,3
239,61,8,0,3,7
293,66,8,1,3,0
283,64,9,1,4,0
300,49,8,0,4,10
290,44,8,1,4,10
228,36,9,1,3,3
290,68,8,1,0,0
264,64,8,1,4,0
254,60,7,1,2,7
243,42,7,1,1,3
276,59,9,0,4,7
217,59,9,0,4,7
273,50,8,1,2,11
205,59,8,0,4,7
223,65,9,0,2,0
265,41,7,0,3,3
283,39,8,0,4,3
247,47,8,0,1,10
285,37,8,0,1,3
202,64,7,1,4,0
217,53,9,0,0,11
287,37,7,0,1,3
270,68,8,1,0,0
254,50,9,1,2,11
244,44,7,1,4,10
256,66,9,1,3,0
231,44,7,1,4,10
231,66,7,1,3,0
223,59,9,0,4,7
295,41,7,0,3,3
253,41,9,0,3,3
243,49,8,0,4,10
235,49,8,0,4,10
214,43,7,0,0,10
284,52,7,1,1,11
226,48,7,1,0,10
282,55,8,0,2,11
241,44,9,1,4,10
290,59,8,0,4,7
279,40,9,1,2,3
279,43,7,0,0,10
216,48,8,1,0,10
231,53,7,0,0,11
269,49,7,0,4,10
257,49,7,0,4,10
226,58,9,1,0,7
243,50,8,1,2,11
295,47,7,0,1,10
213,40,9,1,2,3
262,50,9,1,2,11
291,58,8,1,0,7
257,51,7,0,3,11
294,48,8,1,0,10
264,64,8,1,4,0
239,60,8,1,2,7
296,70,7,1,2,0
207,50,9,1,2,11
203,64,7,1,4,0
279,42,7,1,1,3
298,58,7,1,0,7
233,37,9,0,1,3
255,42,8,1,1,3
264,54,8,1,4,11
254,54,7,1,4,11
285,70,7,1,2,0
281,52,9,1,1,11
290,70,7,1,2,0
268,58,8,1,0,7
254,63,7,0,0,7
235,51,7,0,3,11
215,61,7,0,3,7
290,60,7,1,2,7
202,43,9,0,0,10
254,45,9,0,2,10
261,43,9,0,0,10
218,49,7,0,4,10
282,61,7,0,3,7
290,36,9,1,3,3
283,62,9,1,1,7
228,59,7,0,4,7
264,52,8,1,1,11
221,50,9,1,2,11
228,38,8,1,0,3
210,70,7,1,2,0
270,59,8,0,4,7
240,43,7,0,0,10
203,45,9,0,2,10
210,65,9,0,2,0
205,37,7,0,1,3
210,43,8,0,0,10
268,47,7,0,1,10
224,40,7,1,2,3
261,44,8,1,4,10
283,48,7,1,0,10
277,63,7,0,0,7
300,55,9,0,2,11
204,43,9,0,0,10
223,65,9,0,2,0
259,41,7,0,3,3
249,36,9,1,3,3
283,69,9,0,4,0
300,41,8,0,3,3
238,47,9,0,1,10
270,36,9,1,3,3
245,47,9,0,1,10
271,52,8,1,1,11
236,60,8,1,2,7
209,65,7,0,2,0
208,44,7,1,4,10
251,37,9,0,1,3
236,37,8,0,1,3
214,55,8,0,2,11
247,53,8,0,0,11
241,42,8,1,1,3
237,70,8,1,2,0
293,69,7,0,4,0
290,42,8,1,1,3
284,45,8,0,2,10
228,37,7,0,1,3
267,53,7,0,0,11
290,65,7,0,2,0
206,36,8,1,3,3
247,53,8,0,0,11
292,57,8,0,1,7
222,44,9,1,4,10
268,52,9,1,1,11
263,40,9,1,2,3
277,62,7,1,1,7
251,60,9,1,2,7
246,58,7,1,0,7
205,47,9,0,1,10
234,66,9,1,3,0
292,49,7,0,4,10
227,65,7,0,2,0
237,62,7,1,1,7
204,36,7,1,3,3
258,46,8,1,3,10
205,58,9,1,0,7
211,41,8,0,3,3
283,53,9,0,0,11
291,43,9,0,0,10
247,57,9,0,1,7
240,64,7,1,4,0
276,41,7,0,3,3
247,62,7,1,1,7
268,41,9,0,3,3
282,37,9,0,1,3
251,63,8,0,0,7
279,70,8,1,2,0
261,66,7,1,3,0
255,56,8,1,3,11
241,59,9,0,4,7
264,42,7,1,1,3
260,55,7,0,2,11
287,53,7,0,0,11
259,68,8,1,0,0
293,57,7,0,1,7
296,46,9,1,3,10
281,55,8,0,2,11
225,44,7,1,4,10
263,50,8,1,2,11
207,69,7,0,4,0
206,64,7,1,4,0
247,41,9,0,3,3
245,53,8,0,0,11
293,63,7,0,0,7
268,55,7,0,2,11
274,40,8,1,2,3
247,64,7,1,4,0
228,38,7,1,0,3
299,41,9,0,3,3
247,53,8,0,0,11
282,66,8,1,3,0
275,68,8,1,0,0
234,39,7,0,4,3
275,63,7,0,0,7
276,46,7,1,3,10
270,36,9,1,3,3
278,37,7,0,1,3
275,42,8,1,1,3
203,41,9,0,3,3
253,43,9,0,0,10
234,45,8,0,2,10
298,42,9,1,1,3
215,57,8,0,1,7
277,68,8,1,0,0
225,58,9,1,0,7
240,68,8,1,0,0
237,41,9,0,3,3
291,57,9,0,1,7
228,58,8,1,0,7
214,40,8,1,2,3
246,44,7,1,4,10
266,52,7,1,1,11
260,42,7,1,1,3
208,39,7,0,4,3
263,47,8,0,1,10
243,55,7,0,2,11
204,67,8,0,1,0
242,48,9,1,0,10
204,66,9,1,3,0
210,45,8,0,2,10
257,36,7,1,3,3
299,50,9,1,2,11
211,57,7,0,1,7
247,63,9,0,0,7
268,59,7,0,4,7
284,48,8,1,0,10
236,42,9,1,1,3
261,61,9,0,3,7
295,59,9,0,4,7
207,65,7,0,2,0
253,54,8,1,4,11
222,47,7,0,1,10
293,36,8,1,3,3
237,57,9,0,1,7
276,69,9,0,4,0
289,36,8,1,3,3
220,69,9,0,4,0
279,53,8,0,0,11
289,61,8,0,3,7
236,56,7,1,3,11
300,49,9,0,4,10
234,45,9,0,2,10
205,61,9,0,3,7
205,59,8,0,4,7
300,42,7,1,1,3
207,70,7,1,2,0
258,68,8,1,0,0
258,58,9,1,0,7
250,61,9,0,3,7
234,63,8,0,0,7
224,65,7,0,2,0
248,59,7,0,4,7
222,41,7,0,3,3
269,47,9,0,1,10
228,56,7,1,3,11
297,63,9,0,0,7
254,50,9,1,2,11
231,55,8,0,2,11
278,40,7,1,2,3
255,40,7,1,2,3
232,70,9,1,2,0
229,54,7,1,4,11
231,47,9,0,1,10
273,49,8,0,4,10
281,37,7,0,1,3
299,52,8,1,1,11
216,67,9,0,1,0
203,59,7,0,4,7
296,48,8,1,0,10
266,45,9,0,2,10
262,40,9,1,2,3
217,36,9,1,3,3
257,64,8,1,4,0
225,61,8,0,3,7
286,48,8,1,0,10
213,40,7,1,2,3
237,51,9,0,3,11
219,55,8,0,2,11
237,59,9,0,4,7
223,61,7,0,3,7
265,63,7,0,0,7
289,49,8,0,4,10
232,37,9,0,1,3
257,54,8,1,4,11
284,45,8,0,2,10
278,58,8,1,0,7
263,47,9,0,1,10
269,57,8,0,1,7
250,62,7,1,1,7
274,67,9,0,1,0
212,69,7,0,4,0
215,56,7,1,3,11
269,70,8,1,2,0
286,42,8,1,1,3
235,39,8,0,4,3
237,52,7,1,1,11
269,56,7,1,3,11
230,42,7,1,1,3
204,37,9,0,1,3
298,48,7,1,0,10
300,38,9,1,0,3
226,43,8,0,0,10
281,62,9,1,1,7
225,65,7,0,2,0
226,60,8,1,2,7
248,69,9,0,4,0
291,56,7,1,3,11
294,69,9,0,4,0
262,61,9,0,3,7
220,61,9,0,3,7
270,56,9,1,3,11
236,65,8,0,2,0
231,63,8,0,0,7
244,42,8,1,1,3
224,48,7,1,0,10
268,59,8,0,4,7
269,66,9,1,3,0
262,64,9,1,4,0
227,42,7,1,1,3
272,46,9,1,3,10
205,67,8,0,1,0
265,45,9,0,2,10
249,61,9,0,3,7
206,49,7,0,4,10
248,47,9,0,1,10
300,62,9,1,1,7
219,49,9,0,4,10
278,63,8,0,0,7
255,41,9,0,3,3
264,58,7,1,0,7
273,49,9,0,4,10
224,56,8,1,3,11
235,39,7,0,4,3
289,66,7,1,3,0
279,69,7,0,4,0
293,44,7,1,4,10
225,46,8,1,3,10
209,65,8,0,2,0
288,39,7,0,4,3
294,38,7,1,0,3
291,57,7,0,1,7
291,47,9,0,1,10
206,48,8,1,0,10
282,38,8,1,0,3
276,37,8,0,1,3
284,39,9,0,4,3
283,53,8,0,0,11
267,65,7,0,2,0
218,43,8,0,0,10
203,44,7,1,4,10
283,56,9,1,3,11
265,46,7,1,3,10
244,38,8,1,0,3
288,49,7,0,4,10
241,69,8,0,4,0
282,54,9,1,4,11
223,43,9,0,0,10
277,40,7,1,2,3
265,51,8,0,3,11
262,50,9,1,2,11
293,56,9,1,3,11
231,63,7,0,0,7
221,68,8,1,0,0
264,57,7,0,1,7
204,56,8,1,3,11
225,36,7,1,3,3
201,66,9,1,3,0
205,58,9,1,0,7
284,58,9,1,0,7
231,45,8,0,2,10
236,57,7,0,1,7
219,41,9,0,3,3
276,58,8,1,0,7
204,49,8,0,4,10
279,51,7,0,3,11
273,58,8,1,0,7
228,66,9,1,3,0
233,65,7,0,2,0
206,58,7,1,0,7
298,48,9,1,0,10
276,62,8,1,1,7
252,68,9,1,0,0
208,55,8,0,2,11
280,68,7,1,0,0
209,44,9,1,4,10
218,46,9,1,3,10
231,60,8,1,2,7
283,39,9,0,4,3
214,41,8,0,3,3
235,67,7,0,1,0
255,40,9,1,2,3
223,41,8,0,3,3
267,36,9,1,3,3
257,63,7,0,0,7
204,61,9,0,3,7
258,38,9,1,0,3
262,59,9,0,4,7
213,50,9,1,2,11
286,66,7,1,3,0
201,58,7,1,0,7
249,41,9,0,3,3
274,58,7,1,0,7
291,52,7,1,1,11
235,47,9,0,1,10
235,69,8,0,4,0
287,47,9,0,1,10
286,59,8,0,4,7
201,54,8,1,4,11
249,41,9,0,3,3
229,70,9,1,2,0
256,62,8,1,1,7
243,60,8,1,2,7
226,39,7,0,4,3
247,66,7,1,3,0
260,51,8,0,3,11
275,45,9,0,2,10
256,39,8,0,4,3
295,70,9,1,2,0
271,41,7,0,3,3
245,45,8,0,2,10
215,54,9,1,4,11
252,49,8,0,4,10
246,47,8,0,1,10
239,38,7,1,0,3
289,58,7,1,0,7
268,36,7,1,3,3
211,46,8,1,3,10
273,44,9,1,4,10
282,39,9,0,4,3
220,39,7,0,4,3
246,47,8,0,1,10
300,43,7,0,0,10
227,53,8,0,0,11
262,62,7,1,1,7
296,64,9,1,4,0
215,50,7,1,2,11
262,49,8,0,4,10
208,69,7,0,4,0
287,40,9,1,2,3
295,47,8,0,1,10
274,54,9,1,4,11
264,45,7,0,2,10
259,64,9,1,4,0
264,61,9,0,3,7
295,69,7,0,4,0
219,43,7,0,0,10
250,42,8,1,1,3
259,42,9,1,1,3
256,37,8,0,1,3
215,49,7,0,4,10
240,57,9,0,1,7
209,63,7,0,0,7
268,60,7,1,2,7
212,36,9,1,3,3
223,70,8,1,2,0
247,43,8,0,0,10
205,61,7,0,3,7
245,42,9,1,1,3
246,66,8,1,3,0
275,43,9,0,0,10
229,46,7,1,3,10
290,52,9,1,1,11
226,45,8,0,2,10
299,42,8,1,1,3
277,69,7,0,4,0
253,58,7,1,0,7
282,70,9,1,2,0
202,69,9,0,4,0
212,45,8,0,2,10
213,54,8,1,4,11
216,39,8,0,4,3
229,56,8,1,3,11
276,48,7,1,0,10
267,43,8,0,0,10
289,39,8,0,4,3
297,36,8,1,3,3
230,67,7,0,1,0
284,67,8,0,1,0
205,58,9,1,0,7
277,66,7,1,3,0
214,49,9,0,4,10
207,67,8,0,1,0
206,37,7,0,1,3
235,48,8,1,0,10
207,52,7,1,1,11
203,50,7,1,2,11
267,51,7,0,3,11
224,65,8,0,2,0
296,43,8,0,0,10
281,70,7,1,2,0
245,60,9,1,2,7
264,68,7,1,0,0
215,41,9,0,3,3
256,69,7,0,4,0
236,56,7,1,3,11
256,58,7,1,0,7
240,57,7,0,1,7
203,54,8,1,4,11
254,63,7,0,0,7
230,48,7,1,0,10
222,37,8,0,1,3
292,59,8,0,4,7
277,60,8,1,2,7
246,67,7,0,1,0
217,54,8,1,4,11
284,42,8,1,1,3
207,47,8,0,1,10
293,38,8,1,0,3
237,64,8,1,4,0
210,54,8,1,4,11
276,44,9,1,4,10
247,60,9,1,2,7
278,46,7,1,3,10
203,45,8,0,2,10
239,50,8,1,2,11
291,53,9,0,0,11
202,50,9,1,2,11
236,44,7,1,4,10
263,69,7,0,4,0
255,39,7,0,4,3
300,38,9,1,0,3
279,62,7,1,1,7
240,54,9,1,4,11
261,49,8,0,4,10
226,54,8,1,4,11
232,43,9,0,0,10
213,65,7,0,2,0
249,66,8,1,3,0
231,64,7,1,4,0
260,54,7,1,4,11
212,43,7,0,0,10
255,57,7,0,1,7
209,54,7,1,4,11
289,39,7,0,4,3
229,56,7,1,3,11
252,57,7,0,1,7
271,51,7,0,3,11
290,66,7,1,3,0
222,69,9,0,4,0
225,43,8,0,0,10
299,63,7,0,0,7
245,58,9,1,0,7
296,51,7,0,3,11
245,65,9,0,2,0
257,66,9,1,3,0
282,62,8,1,1,7
251,49,7,0,4,10
259,56,9,1,3,11
262,58,9,1,0,7
214,61,7,0,3,7
265,46,8,1,3,10
239,39,8,0,4,3
201,46,8,1,3,10
258,51,9,0,3,11
237,45,7,0,2,10
277,50,9,1,2,11
247,38,7,1,0,3
240,68,9,1,0,0
203,61,9,0,3,7
234,52,7,1,1,11
286,57,8,0,1,7
235,40,7,1,2,3
244,42,9,1,1,3
227,55,9,0,2,11
273,39,7,0,4,3
237,56,7,1,3,11
258,63,7,0,0,7
251,59,7,0,4,7
223,69,9,0,4,0
297,38,9,1,0,3
231,65,7,0,2,0
204,48,7,1,0,10
230,64,9,1,4,0
239,51,8,0,3,11
285,55,9,0,2,11
289,51,9,0,3,11
252,59,9,0,4,7
270,61,9,0,3,7
223,48,7,1,0,10
269,65,7,0,2,0
230,51,9,0,3,11
238,48,9,1,0,10
250,64,7,1,4,0
212,47,8,0,1,10
208,62,7,1,1,7
262,54,8,1,4,11
294,66,8,1,3,0
216,63,9,0,0,7
295,62,8,1,1,7
274,46,8,1,3,10
265,57,7,0,1,7
252,67,7,0,1,0
265,37,9,0,1,3
285,67,9,0,1,0
228,52,9,1,1,11
282,54,8,1,4,11
219,48,7,1,0,10
289,58,7,1,0,7
223,37,9,0,1,3
285,58,9,1,0,7
210,42,7,1,1,3
249,45,9,0,2,10
298,36,9,1,3,3
219,56,8,1,3,11
268,59,7,0,4,7
235,57,7,0,1,7
293,36,7,1,3,3
206,42,9,1,1,3
240,62,9,1,1,7
274,62,8,1,1,7
285,54,9,1,4,11
289,38,8,1,0,3
286,50,8,1,2,11
206,54,7,1,4,11
300,42,7,1,1,3
286,62,9,1,1,7
214,36,9,1,3,3
211,36,8,1,3,3
238,64,7,1,4,0
206,37,9,0,1,3
265,47,9,0,1,10
228,61,7,0,3,7
255,69,8,0,4,0
258,44,9,1,4,10
271,52,8,1,1,11
295,38,8,1,0,3
